kind,a,b,o_effect,d_effect,net_effect,possessions
main,Connector Forwards,,-0.0665,0.2116,0.1451,1723437.5
main,Featured Bigs,,-0.2224,0.0587,-0.1637,3762035.0
main,Floor Generals,,0.0047,-0.065,-0.0603,3404082.0
main,Mid-Range Bigs,,-0.1634,0.1335,-0.0299,455697.0
main,Mid-Range Forwards,,-0.1331,0.017,-0.1161,709281.0
main,Pass-First Guards,,-0.0128,0.0389,0.0261,1128559.0
main,Post Bigs,,-0.2846,0.2669,-0.0177,2461956.5
main,Primary Creators,,-0.0045,-0.1614,-0.1659,2096760.0
main,Primary Scorers,,0.0067,-0.1325,-0.1258,3252039.0
main,Rim-Running Bigs,,-0.1934,0.3302,0.1368,1954190.0
main,Scoring Wings,,0.0123,-0.0734,-0.0611,2106330.5
main,Slashing Wings,,-0.0959,0.0843,-0.0115,1924519.5
main,Spot-Up Shooters,,-0.0079,-0.0044,-0.0123,4678183.5
main,unknown,,-0.6342,0.3205,-0.3137,404089.5
pair,Connector Forwards,Connector Forwards,0.0003,0.2303,0.2306,452804.5
pair,Connector Forwards,Featured Bigs,-0.0632,0.0238,-0.0394,654211.5
pair,Connector Forwards,Floor Generals,0.0,0.0,0.0,0.0
pair,Connector Forwards,Mid-Range Bigs,0.0,0.0,0.0,0.0
pair,Connector Forwards,Mid-Range Forwards,0.0,0.0,0.0,0.0
pair,Connector Forwards,Pass-First Guards,-0.049,0.0204,-0.0286,752751.0
pair,Connector Forwards,Post Bigs,0.0617,0.0963,0.158,569488.5
pair,Connector Forwards,Primary Creators,0.0918,-0.1584,-0.0666,1341893.0
pair,Connector Forwards,Primary Scorers,0.0,0.0,0.0,0.0
pair,Connector Forwards,Rim-Running Bigs,-0.0678,0.1481,0.0803,405942.5
pair,Connector Forwards,Scoring Wings,-0.0296,-0.0673,-0.0968,1236234.0
pair,Connector Forwards,Slashing Wings,0.0,0.0,0.0,0.0
pair,Connector Forwards,Spot-Up Shooters,0.015,0.0553,0.0704,886633.5
pair,Connector Forwards,unknown,-0.2255,0.2675,0.042,140987.0
pair,Featured Bigs,Featured Bigs,-0.0525,0.0512,-0.0013,687870.0
pair,Featured Bigs,Floor Generals,-0.0682,-0.0438,-0.112,2427825.0
pair,Featured Bigs,Mid-Range Bigs,-0.0272,0.0649,0.0377,176243.0
pair,Featured Bigs,Mid-Range Forwards,0.0215,-0.0743,-0.0528,403537.5
pair,Featured Bigs,Pass-First Guards,-0.0362,0.054,0.0178,572920.0
pair,Featured Bigs,Post Bigs,-0.1306,0.0125,-0.118,929379.5
pair,Featured Bigs,Primary Creators,-0.1642,0.0076,-0.1566,958316.0
pair,Featured Bigs,Primary Scorers,-0.0615,0.0115,-0.05,1993869.0
pair,Featured Bigs,Rim-Running Bigs,-0.0541,0.084,0.0299,700790.0
pair,Featured Bigs,Scoring Wings,-0.009,0.0388,0.0298,1068156.0
pair,Featured Bigs,Slashing Wings,0.008,-0.0494,-0.0413,1097634.5
pair,Featured Bigs,Spot-Up Shooters,-0.0137,-0.0089,-0.0226,2549285.5
pair,Featured Bigs,unknown,-0.1865,0.0117,-0.1748,140232.5
pair,Floor Generals,Floor Generals,0.0886,-0.1025,-0.0139,444641.0
pair,Floor Generals,Mid-Range Bigs,-0.1443,0.0816,-0.0627,440786.5
pair,Floor Generals,Mid-Range Forwards,-0.0758,-0.0579,-0.1337,586910.5
pair,Floor Generals,Pass-First Guards,0.0,0.0,0.0,0.0
pair,Floor Generals,Post Bigs,-0.1004,0.1489,0.0485,1406058.5
pair,Floor Generals,Primary Creators,0.0,0.0,0.0,0.0
pair,Floor Generals,Primary Scorers,0.2192,-0.2388,-0.0196,2377781.5
pair,Floor Generals,Rim-Running Bigs,0.0007,0.1965,0.1971,1130774.5
pair,Floor Generals,Scoring Wings,0.0,0.0,0.0,0.0
pair,Floor Generals,Slashing Wings,0.0646,-0.0624,0.0022,1638373.0
pair,Floor Generals,Spot-Up Shooters,0.2395,-0.1465,0.0931,2569801.0
pair,Floor Generals,unknown,-0.2936,0.0673,-0.2263,148735.5
pair,Mid-Range Bigs,Mid-Range Bigs,-0.0029,0.0206,0.0177,34820.5
pair,Mid-Range Bigs,Mid-Range Forwards,0.0,0.0,0.0,0.0
pair,Mid-Range Bigs,Pass-First Guards,0.0,0.0,0.0,0.0
pair,Mid-Range Bigs,Post Bigs,-0.0674,0.0981,0.0307,147686.0
pair,Mid-Range Bigs,Primary Creators,0.0,0.0,0.0,0.0
pair,Mid-Range Bigs,Primary Scorers,-0.1098,0.0293,-0.0805,413053.5
pair,Mid-Range Bigs,Rim-Running Bigs,-0.0564,0.0307,-0.0257,67627.5
pair,Mid-Range Bigs,Scoring Wings,0.0,0.0,0.0,0.0
pair,Mid-Range Bigs,Slashing Wings,-0.1101,0.0907,-0.0194,165496.0
pair,Mid-Range Bigs,Spot-Up Shooters,-0.0561,0.0476,-0.0086,315924.5
pair,Mid-Range Bigs,unknown,-0.0766,0.05,-0.0266,26330.0
pair,Mid-Range Forwards,Mid-Range Forwards,-0.013,-0.0041,-0.0171,82158.5
pair,Mid-Range Forwards,Pass-First Guards,0.0,0.0,0.0,0.0
pair,Mid-Range Forwards,Post Bigs,-0.1339,0.0732,-0.0607,180784.5
pair,Mid-Range Forwards,Primary Creators,0.0,0.0,0.0,0.0
pair,Mid-Range Forwards,Primary Scorers,-0.0027,0.0092,0.0065,511853.5
pair,Mid-Range Forwards,Rim-Running Bigs,-0.0723,0.0862,0.0139,239387.0
pair,Mid-Range Forwards,Scoring Wings,0.0,0.0,0.0,0.0
pair,Mid-Range Forwards,Slashing Wings,-0.0604,0.018,-0.0424,288950.0
pair,Mid-Range Forwards,Spot-Up Shooters,-0.0979,0.0032,-0.0947,424684.0
pair,Mid-Range Forwards,unknown,-0.0848,0.0186,-0.0661,36700.0
pair,Pass-First Guards,Pass-First Guards,-0.0291,-0.001,-0.0301,150436.5
pair,Pass-First Guards,Post Bigs,-0.0144,0.0272,0.0127,426347.0
pair,Pass-First Guards,Primary Creators,0.0772,-0.0737,0.0035,618496.0
pair,Pass-First Guards,Primary Scorers,0.0,0.0,0.0,0.0
pair,Pass-First Guards,Rim-Running Bigs,-0.0438,0.0524,0.0086,316491.0
pair,Pass-First Guards,Scoring Wings,0.1115,-0.0267,0.0849,780577.0
pair,Pass-First Guards,Slashing Wings,0.0,0.0,0.0,0.0
pair,Pass-First Guards,Spot-Up Shooters,0.0646,-0.0068,0.0578,651458.0
pair,Pass-First Guards,unknown,-0.103,0.1107,0.0076,94323.0
pair,Post Bigs,Post Bigs,-0.0594,0.0377,-0.0216,203035.0
pair,Post Bigs,Primary Creators,0.0219,0.0232,0.0451,804974.0
pair,Post Bigs,Primary Scorers,-0.1077,0.0415,-0.0662,1367564.5
pair,Post Bigs,Rim-Running Bigs,-0.0578,0.0768,0.019,229043.0
pair,Post Bigs,Scoring Wings,-0.0602,0.015,-0.0452,837902.0
pair,Post Bigs,Slashing Wings,-0.1011,0.0996,-0.0014,735299.5
pair,Post Bigs,Spot-Up Shooters,-0.1797,0.0838,-0.0959,1667236.0
pair,Post Bigs,unknown,-0.1501,0.196,0.0459,139993.0
pair,Primary Creators,Primary Creators,-0.1769,-0.016,-0.1928,498625.5
pair,Primary Creators,Primary Scorers,0.0,0.0,0.0,0.0
pair,Primary Creators,Rim-Running Bigs,0.0518,-0.0247,0.0271,683120.5
pair,Primary Creators,Scoring Wings,0.1033,-0.208,-0.1046,1506009.0
pair,Primary Creators,Slashing Wings,0.0,0.0,0.0,0.0
pair,Primary Creators,Spot-Up Shooters,0.2191,-0.1667,0.0524,1393582.0
pair,Primary Creators,unknown,-0.0653,-0.013,-0.0782,83398.5
pair,Primary Scorers,Primary Scorers,0.0165,-0.137,-0.1205,901744.5
pair,Primary Scorers,Rim-Running Bigs,-0.0494,0.1041,0.0547,1142607.5
pair,Primary Scorers,Scoring Wings,0.0,0.0,0.0,0.0
pair,Primary Scorers,Slashing Wings,0.1083,-0.0194,0.0889,1305518.5
pair,Primary Scorers,Spot-Up Shooters,0.2241,-0.2074,0.0167,1971557.5
pair,Primary Scorers,unknown,-0.2267,0.014,-0.2127,120861.5
pair,Rim-Running Bigs,Rim-Running Bigs,-0.016,0.043,0.027,87893.5
pair,Rim-Running Bigs,Scoring Wings,0.0094,0.0058,0.0153,593927.0
pair,Rim-Running Bigs,Slashing Wings,-0.0652,0.1382,0.073,559858.5
pair,Rim-Running Bigs,Spot-Up Shooters,-0.1297,0.2242,0.0945,1474395.0
pair,Rim-Running Bigs,unknown,-0.2072,0.1125,-0.0947,97009.0
pair,Scoring Wings,Scoring Wings,-0.0468,-0.0572,-0.104,680721.0
pair,Scoring Wings,Slashing Wings,0.0,0.0,0.0,0.0
pair,Scoring Wings,Spot-Up Shooters,0.0906,-0.0035,0.0871,909194.5
pair,Scoring Wings,unknown,-0.0734,0.0666,-0.0068,131880.5
pair,Slashing Wings,Slashing Wings,-0.0585,0.0294,-0.0292,345339.0
pair,Slashing Wings,Spot-Up Shooters,0.0551,0.0117,0.0668,1128892.5
pair,Slashing Wings,unknown,-0.1658,0.0516,-0.1142,87377.5
pair,Spot-Up Shooters,Spot-Up Shooters,0.002,-0.0155,-0.0135,1252582.0
pair,Spot-Up Shooters,unknown,-0.4664,0.1271,-0.3393,264926.0
pair,unknown,unknown,-0.1061,0.1007,-0.0053,51802.0
