season,team,payroll,cap
1999,ATL,40954940,30000000
1999,BOS,32258856,30000000
1999,CHH,29914500,30000000
1999,CHI,28640500,30000000
1999,CLE,27778000,30000000
1999,DAL,35565568,30000000
1999,DEN,29392200,30000000
1999,DET,34699620,30000000
1999,GSW,30985000,30000000
1999,HOU,30297100,30000000
1999,IND,45114000,30000000
1999,LAC,28417580,30000000
1999,LAL,42872000,30000000
1999,MIA,42844000,30000000
1999,MIL,33703240,30000000
1999,MIN,32331480,30000000
1999,NJN,43735000,30000000
1999,NYK,59945400,30000000
1999,ORL,46118000,30000000
1999,PHI,41509920,30000000
1999,PHO,36101500,30000000
1999,POR,54438000,30000000
1999,SAC,31692000,30000000
1999,SAS,43681143,30000000
1999,SEA,30413082,30000000
1999,TOR,34081000,30000000
1999,UTA,30298560,30000000
1999,VAN,33635800,30000000
1999,WAS,34018500,30000000
2000,ATL,44169202,34000000
2000,BOS,46152875,34000000
2000,CHH,38581722,34000000
2000,CHI,27012368,34000000
2000,CLE,46547966,34000000
2000,DAL,40014500,34000000
2000,DEN,43205814,34000000
2000,DET,42141801,34000000
2000,GSW,36133518,34000000
2000,HOU,52269367,34000000
2000,IND,54301730,34000000
2000,LAC,22489343,34000000
2000,LAL,55508533,34000000
2000,MIA,52296573,34000000
2000,MIL,44680197,34000000
2000,MIN,42642272,34000000
2000,NJN,53245461,34000000
2000,NYK,71340801,34000000
2000,ORL,41576801,34000000
2000,PHI,43890593,34000000
2000,PHO,46519037,34000000
2000,POR,73513705,34000000
2000,SAC,40113125,34000000
2000,SAS,42529801,34000000
2000,SEA,38258910,34000000
2000,TOR,34730320,34000000
2000,UTA,50316720,34000000
2000,VAN,37432688,34000000
2000,WAS,53194441,34000000
2001,ATL,39297129,35500000
2001,BOS,51478707,35500000
2001,CHH,46441558,35500000
2001,CHI,29691907,35500000
2001,CLE,49780549,35500000
2001,DAL,51445574,35500000
2001,DEN,52189220,35500000
2001,DET,40475338,35500000
2001,GSW,42363018,35500000
2001,HOU,49283309,35500000
2001,IND,55086140,35500000
2001,LAC,29606189,35500000
2001,LAL,59968213,35500000
2001,MIA,73472329,35500000
2001,MIL,57819318,35500000
2001,MIN,47488500,35500000
2001,NJN,68977578,35500000
2001,NYK,73267269,35500000
2001,ORL,37459860,35500000
2001,PHI,50718489,35500000
2001,PHO,53906347,35500000
2001,POR,87395140,35500000
2001,SAC,46266289,35500000
2001,SAS,56898969,35500000
2001,SEA,51538658,35500000
2001,TOR,38313749,35500000
2001,UTA,53893860,35500000
2001,VAN,48899840,35500000
2001,WAS,59085969,35500000
2002,ATL,51525207,42500000
2002,BOS,47515677,42500000
2002,CHH,49999445,42500000
2002,CHI,42592857,42500000
2002,CLE,45649974,42500000
2002,DAL,57960080,42500000
2002,DEN,54460475,42500000
2002,DET,42417677,42500000
2002,GSW,47681152,42500000
2002,HOU,49168169,42500000
2002,IND,53398621,42500000
2002,LAC,33849932,42500000
2002,LAL,55262017,42500000
2002,MEM,50920631,42500000
2002,MIA,53351186,42500000
2002,MIL,56224266,42500000
2002,MIN,55093782,42500000
2002,NJN,75193712,42500000
2002,NYK,85993039,42500000
2002,ORL,45984001,42500000
2002,PHI,58073366,42500000
2002,PHO,56596369,42500000
2002,POR,84292850,42500000
2002,SAC,54921012,42500000
2002,SAS,45844814,42500000
2002,SEA,45556733,42500000
2002,TOR,52657161,42500000
2002,UTA,52642362,42500000
2002,WAS,54776087,42500000
2003,ATL,55711549,40271000
2003,BOS,52548195,40271000
2003,CHI,44531095,40271000
2003,CLE,49610448,40271000
2003,DAL,72940316,40271000
2003,DEN,49109209,40271000
2003,DET,47777888,40271000
2003,GSW,47737715,40271000
2003,HOU,50044865,40271000
2003,IND,53472323,40271000
2003,LAC,42955777,40271000
2003,LAL,64151182,40271000
2003,MEM,61009172,40271000
2003,MIA,57378326,40271000
2003,MIL,57995152,40271000
2003,MIN,59518801,40271000
2003,NJN,60412919,40271000
2003,NOH,44458882,40271000
2003,NYK,93452379,40271000
2003,ORL,50435346,40271000
2003,PHI,64473029,40271000
2003,PHO,55225080,40271000
2003,POR,105595657,40271000
2003,SAC,70416596,40271000
2003,SAS,53182559,40271000
2003,SEA,53167479,40271000
2003,TOR,55408207,40271000
2003,UTA,50934629,40271000
2003,WAS,46691190,40271000
2004,ATL,64497340,43840000
2004,BOS,60185915,43840000
2004,CHI,55489797,43840000
2004,CLE,46186472,43840000
2004,DAL,79169792,43840000
2004,DEN,39398646,43840000
2004,DET,53442834,43840000
2004,GSW,53376708,43840000
2004,HOU,55401430,43840000
2004,IND,58156236,43840000
2004,LAC,38747432,43840000
2004,LAL,65123085,43840000
2004,MEM,58176928,43840000
2004,MIA,47349374,43840000
2004,MIL,53229826,43840000
2004,MIN,71272042,43840000
2004,NJN,63697123,43840000
2004,NOH,49800204,43840000
2004,NYK,89444820,43840000
2004,ORL,50588419,43840000
2004,PHI,59847400,43840000
2004,PHO,66931770,43840000
2004,POR,82956768,43840000
2004,SAC,68372826,43840000
2004,SAS,46464064,43840000
2004,SEA,52347476,43840000
2004,TOR,63033243,43840000
2004,UTA,34747674,43840000
2004,WAS,45682902,43840000
2005,ATL,41059616,43870000
2005,BOS,64577356,43870000
2005,CHA,23922578,43870000
2005,CHI,55757043,43870000
2005,CLE,49175274,43870000
2005,DAL,91908443,43870000
2005,DEN,45716482,43870000
2005,DET,54762481,43870000
2005,GSW,54943723,43870000
2005,HOU,60284303,43870000
2005,IND,66064780,43870000
2005,LAC,45483265,43870000
2005,LAL,66059098,43870000
2005,MEM,67010830,43870000
2005,MIA,59523529,43870000
2005,MIL,57448246,43870000
2005,MIN,70123411,43870000
2005,NJN,54983980,43870000
2005,NOH,56539992,43870000
2005,NYK,102567539,43870000
2005,ORL,66445249,43870000
2005,PHI,71951878,43870000
2005,PHO,44598682,43870000
2005,POR,83671309,43870000
2005,SAC,61807688,43870000
2005,SAS,47118846,43870000
2005,SEA,53821301,43870000
2005,TOR,61703775,43870000
2005,UTA,43515760,43870000
2005,WAS,49797050,43870000
2006,ATL,42944553,49500000
2006,BOS,56907300,49500000
2006,CHA,33458932,49500000
2006,CHI,57166530,49500000
2006,CLE,51303962,49500000
2006,DAL,98454832,49500000
2006,DEN,56492172,49500000
2006,DET,59619275,49500000
2006,GSW,57114566,49500000
2006,HOU,69257404,49500000
2006,IND,78791779,49500000
2006,LAC,51358645,49500000
2006,LAL,73917945,49500000
2006,MEM,67525538,49500000
2006,MIA,60732452,49500000
2006,MIL,63022514,49500000
2006,MIN,61830186,49500000
2006,NJN,66449350,49500000
2006,NOK,41126866,49500000
2006,NYK,126631098,49500000
2006,ORL,75784782,49500000
2006,PHI,84807300,49500000
2006,PHO,53622061,49500000
2006,POR,60017964,49500000
2006,SAC,62811975,49500000
2006,SAS,62888223,49500000
2006,SEA,49253379,49500000
2006,TOR,62411884,49500000
2006,UTA,57372902,49500000
2006,WAS,54555947,49500000
2007,ATL,48581972,53135000
2007,BOS,62931479,53135000
2007,CHA,41964046,53135000
2007,CHI,54754904,53135000
2007,CLE,62992729,53135000
2007,DAL,88421846,53135000
2007,DEN,65442776,53135000
2007,DET,59010951,53135000
2007,GSW,65012368,53135000
2007,HOU,63837566,53135000
2007,IND,63018965,53135000
2007,LAC,59181038,53135000
2007,LAL,78099949,53135000
2007,MEM,61960489,53135000
2007,MIA,64121312,53135000
2007,MIL,63498518,53135000
2007,MIN,66820673,53135000
2007,NJN,64486110,53135000
2007,NOK,53748991,53135000
2007,NYK,117250866,53135000
2007,ORL,61447108,53135000
2007,PHI,69140163,53135000
2007,PHO,65841120,53135000
2007,POR,75026386,53135000
2007,SAC,64296611,53135000
2007,SAS,65654320,53135000
2007,SEA,56986831,53135000
2007,TOR,51015491,53135000
2007,UTA,61951646,53135000
2007,WAS,62733705,53135000
2008,ATL,55501133,55630000
2008,BOS,74378636,55630000
2008,CHA,53745468,55630000
2008,CHI,63084166,55630000
2008,CLE,82217583,55630000
2008,DAL,101694879,55630000
2008,DEN,82958227,55630000
2008,DET,65898875,55630000
2008,GSW,62148303,55630000
2008,HOU,69466951,55630000
2008,IND,66260246,55630000
2008,LAC,64847945,55630000
2008,LAL,73626796,55630000
2008,MEM,54118526,55630000
2008,MIA,74767603,55630000
2008,MIL,62571522,55630000
2008,MIN,69043895,55630000
2008,NJN,61836211,55630000
2008,NOH,62609991,55630000
2008,NYK,96190114,55630000
2008,ORL,58165973,55630000
2008,PHI,73611066,55630000
2008,PHO,71323049,55630000
2008,POR,73241335,55630000
2008,SAC,63326164,55630000
2008,SAS,70048523,55630000
2008,SEA,60861388,55630000
2008,TOR,66042375,55630000
2008,UTA,64959089,55630000
2008,WAS,65278996,55630000
2009,ATL,68168841,58680000
2009,BOS,79188973,58680000
2009,CHA,62866926,58680000
2009,CHI,68126774,58680000
2009,CLE,91298233,58680000
2009,DAL,95045559,58680000
2009,DEN,70121003,58680000
2009,DET,71434174,58680000
2009,GSW,67359216,58680000
2009,HOU,73302272,58680000
2009,IND,69668818,58680000
2009,LAC,62764206,58680000
2009,LAL,79245793,58680000
2009,MEM,55958148,58680000
2009,MIA,69854945,58680000
2009,MIL,71360656,58680000
2009,MIN,66445144,58680000
2009,NJN,62666523,58680000
2009,NOH,67530808,58680000
2009,NYK,96643646,58680000
2009,OKC,68341605,58680000
2009,ORL,69672979,58680000
2009,PHI,68301007,58680000
2009,PHO,76130408,58680000
2009,POR,80260059,58680000
2009,SAC,69204512,58680000
2009,SAS,68020487,58680000
2009,TOR,73446970,58680000
2009,UTA,65841407,58680000
2009,WAS,70743317,58680000
2010,ATL,65883642,57700000
2010,BOS,83552174,57700000
2010,CHA,68681758,57700000
2010,CHI,69700359,57700000
2010,CLE,83398534,57700000
2010,DAL,88916075,57700000
2010,DEN,74935538,57700000
2010,DET,60185833,57700000
2010,GSW,65352372,57700000
2010,HOU,68914971,57700000
2010,IND,66733257,57700000
2010,LAC,61616409,57700000
2010,LAL,92378064,57700000
2010,MEM,57287474,57700000
2010,MIA,74208013,57700000
2010,MIL,66775602,57700000
2010,MIN,62253360,57700000
2010,NJN,59366715,57700000
2010,NOH,70163827,57700000
2010,NYK,85710076,57700000
2010,OKC,58438646,57700000
2010,ORL,82200916,57700000
2010,PHI,64883448,57700000
2010,PHO,75288544,57700000
2010,POR,56946258,57700000
2010,SAC,67515718,57700000
2010,SAS,79338309,57700000
2010,TOR,67822433,57700000
2010,UTA,71905244,57700000
2010,WAS,73440274,57700000
2011,ATL,71469843,58044000
2011,BOS,82045867,58044000
2011,CHA,66542696,58044000
2011,CHI,54538076,58044000
2011,CLE,53990021,58044000
2011,DAL,85409890,58044000
2011,DEN,68019290,58044000
2011,DET,65044217,58044000
2011,GSW,68415336,58044000
2011,HOU,72315654,58044000
2011,IND,65088630,58044000
2011,LAC,53225329,58044000
2011,LAL,91428140,58044000
2011,MEM,70241344,58044000
2011,MIA,65258647,58044000
2011,MIL,69076690,58044000
2011,MIN,53461123,58044000
2011,NJN,58495989,58044000
2011,NOH,68230729,58044000
2011,NYK,67016562,58044000
2011,OKC,55922488,58044000
2011,ORL,90770804,58044000
2011,PHI,68915246,58044000
2011,PHO,65920550,58044000
2011,POR,74584058,58044000
2011,SAC,45268465,58044000
2011,SAS,69522311,58044000
2011,TOR,69992648,58044000
2011,UTA,75855296,58044000
2011,WAS,58324988,58044000
2012,ATL,73669912,58044000
2012,BOS,79820530,58044000
2012,CHA,57902024,58044000
2012,CHI,69548447,58044000
2012,CLE,64875599,58044000
2012,DAL,74463409,58044000
2012,DEN,58553173,58044000
2012,DET,70923605,58044000
2012,GSW,61576901,58044000
2012,HOU,57021755,58044000
2012,IND,51554083,58044000
2012,LAC,67333389,58044000
2012,LAL,88264478,58044000
2012,MEM,70940349,58044000
2012,MIA,74117458,58044000
2012,MIL,60192388,58044000
2012,MIN,56844339,58044000
2012,NJN,65281235,58044000
2012,NOH,65441008,58044000
2012,NYK,76208092,58044000
2012,OKC,59501709,58044000
2012,ORL,86962825,58044000
2012,PHI,66672368,58044000
2012,PHO,66340576,58044000
2012,POR,78568536,58044000
2012,SAC,48950236,58044000
2012,SAS,73732762,58044000
2012,TOR,55063049,58044000
2012,UTA,56948761,58044000
2012,WAS,55386345,58044000
2013,ATL,66768365,58044000
2013,BOS,72785189,58044000
2013,BRK,84290205,58044000
2013,CHA,57491899,58044000
2013,CHI,75627699,58044000
2013,CLE,68428583,58044000
2013,DAL,67399169,58044000
2013,DEN,68566062,58044000
2013,DET,61557497,58044000
2013,GSW,69695346,58044000
2013,HOU,55678347,58044000
2013,IND,66687960,58044000
2013,LAC,74354449,58044000
2013,LAL,100451593,58044000
2013,MEM,62954838,58044000
2013,MIA,81558311,58044000
2013,MIL,62476395,58044000
2013,MIN,69001896,58044000
2013,NOH,63901224,58044000
2013,NYK,77970893,58044000
2013,OKC,67863244,58044000
2013,ORL,87114818,58044000
2013,PHI,84032270,58044000
2013,PHO,60844774,58044000
2013,POR,73757590,58044000
2013,SAC,54317436,58044000
2013,SAS,69787704,58044000
2013,TOR,66974563,58044000
2013,UTA,64717649,58044000
2013,WAS,66343388,58044000
2014,ATL,55293144,58679000
2014,BOS,63769609,58679000
2014,BRK,102608995,58679000
2014,CHA,60819062,58679000
2014,CHI,85095835,58679000
2014,CLE,47560404,58679000
2014,DAL,68030257,58679000
2014,DEN,67324401,58679000
2014,DET,59657073,58679000
2014,GSW,66764126,58679000
2014,HOU,63983641,58679000
2014,IND,55015196,58679000
2014,LAC,73103861,58679000
2014,LAL,77245789,58679000
2014,MEM,74324859,58679000
2014,MIA,82218984,58679000
2014,MIL,49675131,58679000
2014,MIN,67485845,58679000
2014,NOP,62705103,58679000
2014,NYK,88890427,58679000
2014,OKC,71181364,58679000
2014,ORL,80664910,58679000
2014,PHI,58945006,58679000
2014,PHO,64412586,58679000
2014,POR,80253518,58679000
2014,SAC,78765372,58679000
2014,SAS,63666028,58679000
2014,TOR,53076014,58679000
2014,UTA,54981656,58679000
2014,WAS,64555085,58679000
2015,ATL,58337671,63065000
2015,BOS,61092622,63065000
2015,BRK,91873492,63065000
2015,CHI,81244225,63065000
2015,CHO,75954458,63065000
2015,CLE,82038768,63065000
2015,DAL,83970065,63065000
2015,DEN,56278056,63065000
2015,DET,66738182,63065000
2015,GSW,73623654,63065000
2015,HOU,87299371,63065000
2015,IND,75174324,63065000
2015,LAC,80901123,63065000
2015,LAL,70914495,63065000
2015,MEM,75341226,63065000
2015,MIA,82351805,63065000
2015,MIL,61443341,63065000
2015,MIN,64733364,63065000
2015,NOP,69390028,63065000
2015,NYK,83022165,63065000
2015,OKC,78791632,63065000
2015,ORL,53338463,63065000
2015,PHI,56455990,63065000
2015,PHO,66503432,63065000
2015,POR,92220907,63065000
2015,SAC,73675912,63065000
2015,SAS,69614583,63065000
2015,TOR,75562364,63065000
2015,UTA,59061387,63065000
2015,WAS,83108421,63065000
2016,ATL,71453126,70000000
2016,BOS,77202316,70000000
2016,BRK,83831503,70000000
2016,CHI,85385898,70000000
2016,CHO,77609865,70000000
2016,CLE,105962520,70000000
2016,DAL,74040317,70000000
2016,DEN,72606354,70000000
2016,DET,76638790,70000000
2016,GSW,93707197,70000000
2016,HOU,90188412,70000000
2016,IND,71286088,70000000
2016,LAC,95585714,70000000
2016,LAL,72415125,70000000
2016,MEM,83200551,70000000
2016,MIA,85826352,70000000
2016,MIL,70993573,70000000
2016,MIN,72458417,70000000
2016,NOP,84384711,70000000
2016,NYK,75311181,70000000
2016,OKC,94622660,70000000
2016,ORL,63349656,70000000
2016,PHI,63646397,70000000
2016,PHO,69701209,70000000
2016,POR,61000674,70000000
2016,SAC,71840771,70000000
2016,SAS,87365099,70000000
2016,TOR,71934665,70000000
2016,UTA,64783884,70000000
2016,WAS,84237317,70000000
2017,ATL,96007250,94143000
2017,BOS,93465328,94143000
2017,BRK,84083139,94143000
2017,CHI,92571387,94143000
2017,CHO,90175926,94143000
2017,CLE,127254579,94143000
2017,DAL,103994075,94143000
2017,DEN,82573997,94143000
2017,DET,108968495,94143000
2017,GSW,101725589,94143000
2017,HOU,90498298,94143000
2017,IND,94008504,94143000
2017,LAC,116237541,94143000
2017,LAL,95226183,94143000
2017,MEM,111209189,94143000
2017,MIA,101818405,94143000
2017,MIL,106512121,94143000
2017,MIN,81621379,94143000
2017,NOP,101707386,94143000
2017,NYK,103595894,94143000
2017,OKC,91339949,94143000
2017,ORL,104110336,94143000
2017,PHI,85674275,94143000
2017,PHO,85115778,94143000
2017,POR,111872768,94143000
2017,SAC,96043092,94143000
2017,SAS,108640621,94143000
2017,TOR,108664969,94143000
2017,UTA,80598193,94143000
2017,WAS,102334382,94143000
2018,ATL,99701094,99093000
2018,BOS,115075693,99093000
2018,BRK,95964560,99093000
2018,CHI,90183960,99093000
2018,CHO,117228164,99093000
2018,CLE,137912382,99093000
2018,DAL,86136236,99093000
2018,DEN,107015203,99093000
2018,DET,118897722,99093000
2018,GSW,135371746,99093000
2018,HOU,118271480,99093000
2018,IND,93669385,99093000
2018,LAC,119178226,99093000
2018,LAL,102260522,99093000
2018,MEM,110735427,99093000
2018,MIA,129458084,99093000
2018,MIL,115375243,99093000
2018,MIN,105179926,99093000
2018,NOP,118896488,99093000
2018,NYK,104405157,99093000
2018,OKC,133777615,99093000
2018,ORL,95538311,99093000
2018,PHI,100223563,99093000
2018,PHO,92518634,99093000
2018,POR,119265264,99093000
2018,SAC,95682824,99093000
2018,SAS,116153554,99093000
2018,TOR,116574876,99093000
2018,UTA,106140633,99093000
2018,WAS,124030914,99093000
2019,ATL,107076435,101869000
2019,BOS,125541941,101869000
2019,BRK,118271871,101869000
2019,CHI,112898444,101869000
2019,CHO,122327044,101869000
2019,CLE,124623504,101869000
2019,DAL,88351669,101869000
2019,DEN,117304721,101869000
2019,DET,125244035,101869000
2019,GSW,146186409,101869000
2019,HOU,124810135,101869000
2019,IND,110804431,101869000
2019,LAC,118370702,101869000
2019,LAL,107275731,101869000
2019,MEM,124877079,101869000
2019,MIA,151716389,101869000
2019,MIL,125890474,101869000
2019,MIN,121968101,101869000
2019,NOP,114806900,101869000
2019,NYK,123388448,101869000
2019,OKC,143896557,101869000
2019,ORL,114566809,101869000
2019,PHI,112942947,101869000
2019,PHO,109405766,101869000
2019,POR,132512467,101869000
2019,SAC,103537060,101869000
2019,SAS,122398215,101869000
2019,TOR,136242478,101869000
2019,UTA,111744016,101869000
2019,WAS,124396126,101869000
2020,ATL,113286743,109140000
2020,BOS,118272499,109140000
2020,BRK,126998206,109140000
2020,CHI,115583743,109140000
2020,CHO,122575891,109140000
2020,CLE,131181714,109140000
2020,DAL,122089876,109140000
2020,DEN,130043323,109140000
2020,DET,131024108,109140000
2020,GSW,131527930,109140000
2020,HOU,131293343,109140000
2020,IND,114208526,109140000
2020,LAC,134125011,109140000
2020,LAL,125433839,109140000
2020,MEM,128723064,109140000
2020,MIA,133841791,109140000
2020,MIL,135025925,109140000
2020,MIN,132547645,109140000
2020,NOP,117709161,109140000
2020,NYK,111355759,109140000
2020,OKC,133820365,109140000
2020,ORL,133294669,109140000
2020,PHI,131997240,109140000
2020,PHO,121137310,109140000
2020,POR,137375609,109140000
2020,SAC,117679921,109140000
2020,SAS,123395102,109140000
2020,TOR,123355096,109140000
2020,UTA,121096122,109140000
2020,WAS,129994563,109140000
2021,ATL,115195055,109140000
2021,BOS,130767745,109140000
2021,BRK,166561612,109140000
2021,CHI,127968089,109140000
2021,CHO,107134070,109140000
2021,CLE,126527288,109140000
2021,DAL,125665404,109140000
2021,DEN,128479406,109140000
2021,DET,115007448,109140000
2021,GSW,169342796,109140000
2021,HOU,128087962,109140000
2021,IND,127861935,109140000
2021,LAC,137405304,109140000
2021,LAL,136923741,109140000
2021,MEM,130193477,109140000
2021,MIA,132331277,109140000
2021,MIL,132074345,109140000
2021,MIN,128890063,109140000
2021,NOP,132616252,109140000
2021,NYK,100079878,109140000
2021,OKC,95196515,109140000
2021,ORL,114211579,109140000
2021,PHI,146167304,109140000
2021,PHO,127115196,109140000
2021,POR,130336680,109140000
2021,SAC,104931498,109140000
2021,SAS,128746873,109140000
2021,TOR,128120879,109140000
2021,UTA,135745577,109140000
2021,WAS,129669262,109140000
2022,ATL,133731629,112414000
2022,BOS,134288148,112414000
2022,BRK,172646771,112414000
2022,CHI,135372441,112414000
2022,CHO,120048268,112414000
2022,CLE,135568628,112414000
2022,DAL,123647313,112414000
2022,DEN,136777556,112414000
2022,DET,129105627,112414000
2022,GSW,178338220,112414000
2022,HOU,129096006,112414000
2022,IND,135200909,112414000
2022,LAC,166832670,112414000
2022,LAL,163495811,112414000
2022,MEM,115768155,112414000
2022,MIA,139811953,112414000
2022,MIL,158654158,112414000
2022,MIN,136017549,112414000
2022,NOP,134623097,112414000
2022,NYK,119711411,112414000
2022,OKC,80531607,112414000
2022,ORL,125411388,112414000
2022,PHI,147997711,112414000
2022,PHO,135742648,112414000
2022,POR,123351452,112414000
2022,SAC,129677197,112414000
2022,SAS,126730143,112414000
2022,TOR,133867382,112414000
2022,UTA,148201946,112414000
2022,WAS,127094532,112414000
2023,ATL,148633740,123655000
2023,BOS,175733265,123655000
2023,BRK,157516641,123655000
2023,CHI,149421485,123655000
2023,CHO,124541054,123655000
2023,CLE,149251300,123655000
2023,DAL,173241988,123655000
2023,DEN,159119037,123655000
2023,DET,126605293,123655000
2023,GSW,189502439,123655000
2023,HOU,136658568,123655000
2023,IND,122145349,123655000
2023,LAC,191189228,123655000
2023,LAL,167412786,123655000
2023,MEM,126788905,123655000
2023,MIA,149093861,123655000
2023,MIL,178933725,123655000
2023,MIN,143519708,123655000
2023,NOP,147340203,123655000
2023,NYK,146839447,123655000
2023,OKC,148489515,123655000
2023,ORL,125177282,123655000
2023,PHI,149571525,123655000
2023,PHO,172327721,123655000
2023,POR,144235655,123655000
2023,SAC,134629166,123655000
2023,SAS,101649048,123655000
2023,TOR,149485166,123655000
2023,UTA,147924401,123655000
2023,WAS,150006207,123655000
2024,ATL,157259361,136021000
2024,BOS,183679244,136021000
2024,BRK,152943858,136021000
2024,CHI,167689263,136021000
2024,CHO,138530978,136021000
2024,CLE,164211423,136021000
2024,DAL,163631110,136021000
2024,DEN,177890198,136021000
2024,DET,136419412,136021000
2024,GSW,206814776,136021000
2024,HOU,153204959,136021000
2024,IND,145587839,136021000
2024,LAC,200060815,136021000
2024,LAL,168113984,136021000
2024,MEM,161130689,136021000
2024,MIA,174695832,136021000
2024,MIL,182226590,136021000
2024,MIN,164428789,136021000
2024,NOP,164937685,136021000
2024,NYK,165734884,136021000
2024,OKC,160502705,136021000
2024,ORL,130964229,136021000
2024,PHI,166735219,136021000
2024,PHO,191331329,136021000
2024,POR,165919847,136021000
2024,SAC,149993550,136021000
2024,SAS,140908582,136021000
2024,TOR,161292652,136021000
2024,UTA,131557410,136021000
2024,WAS,148282937,136021000
2025,ATL,168381400,140588000
2025,BOS,193348445,140588000
2025,BRK,169923556,140588000
2025,CHI,165919354,140588000
2025,CHO,167423486,140588000
2025,CLE,169862271,140588000
2025,DAL,175406491,140588000
2025,DEN,182574315,140588000
2025,DET,141808220,140588000
2025,GSW,176780887,140588000
2025,HOU,168321311,140588000
2025,IND,169170312,140588000
2025,LAC,170720454,140588000
2025,LAL,188245871,140588000
2025,MEM,163865149,140588000
2025,MIA,173088172,140588000
2025,MIL,183221334,140588000
2025,MIN,202984505,140588000
2025,NOP,171332066,140588000
2025,NYK,188862651,140588000
2025,OKC,164952350,140588000
2025,ORL,150359238,140588000
2025,PHI,170340647,140588000
2025,PHO,214371340,140588000
2025,POR,167086613,140588000
2025,SAC,168720998,140588000
2025,SAS,162187501,140588000
2025,TOR,170708507,140588000
2025,UTA,154314022,140588000
2025,WAS,169603285,140588000
2026,ATL,186614541,154647000
2026,BOS,190155989,154647000
2026,BRK,154704205,154647000
2026,CHI,182880723,154647000
2026,CHO,182367888,154647000
2026,CLE,212404326,154647000
2026,DAL,182777619,154647000
2026,DEN,187214031,154647000
2026,DET,185982507,154647000
2026,GSW,205114503,154647000
2026,HOU,194771441,154647000
2026,IND,189293060,154647000
2026,LAC,190116914,154647000
2026,LAL,195310579,154647000
2026,MEM,158642419,154647000
2026,MIA,186470692,154647000
2026,MIL,181949997,154647000
2026,MIN,194042642,154647000
2026,NOP,187616561,154647000
2026,NYK,207454264,154647000
2026,OKC,186724316,154647000
2026,ORL,187670352,154647000
2026,PHI,193505169,154647000
2026,PHO,186867136,154647000
2026,POR,187189792,154647000
2026,SAC,186796559,154647000
2026,SAS,182960669,154647000
2026,TOR,186969746,154647000
2026,UTA,173117343,154647000
2026,WAS,186452748,154647000
